,0
0,Abuse
1,Abusive
2,Acknowledge
3,Actingout
4,Actual
5,Addictive
6,Administration
7,Adult
8,Advocate
9,Affect
10,Afraid
11,Aggravate
12,Aggressive
13,Alone
14,Ambush
15,Annoy
16,Anonymous
17,Antagonistic
18,Antagonize
19,Anxiety
20,Apathetic
21,Appropriate
22,Arrogant
23,Assault
24,Attack
25,Attentive
26,Attitude
27,Audience
28,Authority
29,Beatup
30,Behavior
31,Belittle
32,Bias
33,Blaze
34,Blindside
35,Boorish
36,Bother
37,Braggart
38,Bully
39,Burden
40,Bystander
41,Callow
42,Campus
43,Capitulate
44,Captious
45,Case
46,Cautious
47,Challenge
48,Charges
49,Cheat
50,Childhood
51,Churlish
52,Coaches
53,Cold
54,Communication
55,Complain
56,Complaint
57,Compulsive
58,Concern
59,Confidence
60,Conflict
61,Consequence
62,Console
63,Consult
64,Contemptible
65,Control
66,Corner
67,Counselor
68,Courage
69,Covetous
70,Creepy
71,Crime
72,Criminal
73,Critical
74,Crude
75,Cruel
76,Crying
77,Culpable
78,Curt
79,Cyber-bullying
80,Cynical
81,Decency
82,Deed
83,Demeaning
84,Dependent
85,Depression
86,Desensitize
87,Despair
88,Despot
89,Destructive
90,Devastate
91,Devious
92,Dictatorial
93,Die
94,Different
95,Disaster
96,Discourage
97,Discussion
98,Disdainful
99,Dishonesty
100,Dishonorable
101,Disregard
102,Disrespectful
103,Dodge
104,Dominate
105,Effort
106,Egoist
107,Egotism
108,Elitist
109,Elude
110,Embarrassment
111,Emotional
112,Empathy
113,Endure
114,Epithet
115,Escalation
116,Evade
117,Evil
118,Exclusion
119,Explosive
120,Exposure
121,Expulsion
122,Extort
123,Extravagant
124,Extreme
125,Extreme
126,Failure
127,Falseness
128,Fanatic
129,Favoritism
130,Fear
131,Fervid
132,Flashback
133,Focus
134,Football
135,Force
136,Frailty
137,Friendship
138,Fright
139,Frightened
140,Frozen
141,Gang
142,Glib
143,Gossip
144,Grouchy
145,Guilty
146,Harassment
147,Hard-hearted
148,Haunted
149,Hazing
150,Head-off
151,Healing
152,Heedless
153,Help
154,Hidden
155,Hide
156,Hopeless
157,Hostile
158,Hounded
159,Hurt
160,Ignoble
161,Ignorant
162,Ignore
163,Ill-tempered
164,Impetuous
165,Implacable
166,Impolite
167,Improper
168,Imprudent
169,Impudent
170,Impunity
171,Inappropriate
172,Incidence
173,Indecent
174,Indecorous
175,Indifference
176,Ineffective
177,Innocent
178,Insight
179,Insolent
180,Insulting
181,Intentional
182,Intolerant
183,Irascible
184,Irresponsible
185,Isolated
186,Jaundiced
187,Jealousy
188,Judge
189,Jumpy
190,Justice
191,Justify
192,Juvenile
193,Keen
194,Kicked
195,Kindness
196,Knockdown
197,Knowledge
198,Knuckle
199,Language
200,Lethal
201,Lifelong
202,Litigation
203,Loathsome
204,Loss
205,Malevolent
206,Malicious
207,Manipulative
208,Marked
209,Mean
210,Meddler
211,Medical
212,Memories
213,Merciless
214,Mercurial
215,Mercy
216,Misbehavior
217,Miserable
218,Misery
219,Mistrustful
220,Momentum
221,Monitor
222,Nefarious
223,Neglectful
224,Negligent
225,Nervous
226,Neurotic
227,Notorious
228,Nuisance
229,Obnoxious
230,Obsequious
231,Odious
232,Offensive
233,Oppressive
234,Ostracize
235,Out-of-line
236,Outcast
237,Outrageous
238,Overwhelm
239,Pain
240,Painful
241,Partial
242,Passive
243,Peace
244,Peers
245,Pervasive
246,Petulant
247,Physical
248,Pickedon
249,Pity
250,Police
251,Popularity
252,Prejudicial
253,Preposterous
254,Pretentious
255,Prevention
256,Preyon
257,Problem
258,Proceed
259,Protection
260,Protest
261,Psychological
262,Punched
263,Punishment
264,Pushing
265,Put-down
266,Quake
267,Quandary
268,Quarrelsome
269,Querulous
270,Quibbler
271,Quirky
272,Quiver
273,Rancorous
274,Reckless
275,Report
276,Representation
277,Repugnance
278,Reticent
279,Rights
280,Rude
281,Ruthless
282,School
283,School
284,Scornful
285,Secrets
286,Seek
287,Selfish
288,Sensitive
289,Seriousness
290,Shake
291,Shame
292,Shock
293,Shouting
294,Shoving
295,Shunned
296,Silence
297,Skill
298,Slur
299,Socialize
300,Solution
301,Sour
302,Spiton
303,Sports
304,Stern
305,Struggle
306,Suffering
307,Suicidal
308,Sullen
309,Support
310,Surly
311,Survivor
312,Suspect
313,Suspension
314,Suspicious
315,Target
316,Taunt
317,Tears
318,Tease
319,Temper
320,Terrify
321,Testy
322,Thoughtless
323,Thug
324,Thuggish
325,Tolerance
326,Tolerate
327,Torment
328,Tormentor
329,Trauma
330,Treacherous
331,Treatment
332,Trick
333,Trust
334,Uncivil
335,Uncouth
336,Unethical
337,Unfair
338,Unify
339,Unmannerly
340,Unreasonable
341,Unrefined
342,Unrelenting
343,Unsavory
344,Unworthy
345,Verbalabuse
346,Vicious
347,Victim
348,Vigilance
349,Vile
350,Villainous
351,Violence
352,Violent
353,Volatile
354,Warning
355,Wary
356,Waspish
357,Watchful
358,Weakness
359,Weary
360,Welfare
361,Whine
362,Why
363,Wicked
364,Wishy-washy
365,Words
366,Worry
367,Wound
368,Wrath
369,Wrong
370,Yelling
371,Youngsters
372,Youth
373,Zealot
